ID,Area,Feature,User Story,Expected Behavior,Code Ref,Status,Test Result,Errors Found,Fixed
G01,Gameplay,Slingshot pull-back aiming,"As a player, I want to drag back from the ball to aim so that I control direction by where I pull","onMove sets aimYaw from drag via atan2; only the pointer that started the drag drives it; needs >8px before rotating",onDown/onMove ~2574,Documented,,,
G02,Gameplay,Power meter (squared curve),"As a player, I want pull distance to set shot power so that I can hit gentle putts or big drives","power = clamp(pullLen/240,0.05,1); shoot uses power^2 lerp shotMin 325 to shotMax 6500; wedge colors green/gold/red",shoot ~2160,Documented,,,
G03,Gameplay,Release to fire,"As a player, I want to release the drag to launch so that letting go shoots the ball","onUp fires shoot() only if pull >= 14px; sets velocity, increments strokes, enters roll state, plays hit sfx",onUp ~2576,Documented,,,
G04,Gameplay,Aim trajectory prediction,"As a player, I want a live predicted path so that I can see where the ball will go and bank shots","predictPath simulates up to 110 steps/4 bounces incl gravity/walls/friction; drawn as line + green-gold-red dots + arrow",predictPath ~2505,Documented,,,
G05,Gameplay,Ball rolling physics,"As a player, I want the ball to roll and slow naturally so that movement feels real","stepBall applies gravity, air drag 0.05, rolling friction 1100 along surface tangent, vMax cap; settles when slow",stepBall ~1981,Documented,,,
G06,Gameplay,Wall/curb bouncing,"As a player, I want the ball to bounce off walls/curbs so that I can ricochet shots","collideWall reflects velocity by restitution (wallE 0.66) when ball below wall height; broad-phase culls far walls",collideWall ~1935,Documented,,,
G07,Gameplay,Organic-green containment,"As a player, I want the ball kept on curvy greens so that it cant tunnel through curb joints at speed","containShape shoves a ball that ends outside the polygon back inside nearest edge and bounces (unless lofted >130)",containShape ~1936,Documented,,,
G08,Gameplay,Sinking the cup,"As a player, I want the ball to drop in the cup when slow enough so that I finish the hole","Within cupR+R and speed < holeSpd 1500 while grounded then sunk; near rim a gentle pull sucks it center",holeSunk ~2171,Documented,,,
G09,Gameplay,Out-of-bounds rescue,"As a player, I want a stranded ball returned so that lofting over a rail doesnt lose the ball","If ball settles outside wall hull for 0.55s then OUT OF BOUNDS, drops back where shot was played",stepBall OOB ~2015,Documented,,,
G10,Gameplay,Island void rescue,"As a player, I want falling into the gap between islands undone so that Im not lost in the abyss","On island holes, if terrain <= -2000 for 0.4s then BACK ON THE ISLAND, respawns at shotFrom with a drop",stepBall void ~1996,Documented,,,
G11,Gameplay,Playfield boundary walls,"As a player, I want the ball contained in the arena so that it cant fly off the map","Bounds clamp at +/-12: ball reflected at half speed when it hits minX/maxX/minZ/maxZ",stepBall bounds ~1989,Documented,,,
G12,Gameplay,Ground bounce on hard landings,"As a player, I want airborne shots to bounce on landing so that aerial play feels physical","On landing from air with -vn > 220, groundE restitution applies; sparks/shake when impact > 520",stepBall ground ~2007,Documented,,,
G13,Gameplay,Bumpers (pop combos),"As a player, I want bumpers to kick the ball so that I get pinball ricochets and combo points","collideBumper reflects then adds bumpKick; increments combo, flashes, sparks, POP xN pop",collideBumper ~1945,Documented,,,
G14,Gameplay,Flippers/paddles,"As a player, I want paddles I can fire so that I can bat the ball pinball-style","A/D keys or screen-half taps press flippers; live up-swing launches the ball; can wake a stopped ball no stroke",collideFlipper ~1932,Documented,,,
G15,Gameplay,Windmills,"As a player, I want spinning windmill blades to block the lane so that timing matters","collideWindmill blocks the ball when a blade is near straight-down, reversing vz at 0.55 and WHACK",collideWindmill ~1947,Documented,,,
G16,Gameplay,Timed laser gates,"As a player, I want lasers that toggle on/off so that I must time passing the beam","laserActive cycles by period/onFrac; an on beam softly stops the ball at the gate; shield blocks one zap",collideLaser ~1958,Documented,,,
G17,Gameplay,Boosters (turbo pads),"As a player, I want speed pads that fling the ball so that I can reach far greens","Rolling over a booster sets velocity to its direction x spd (3600), TURBO, cooldown 0.28",stepBall boosters ~2052,Documented,,,
G18,Gameplay,Loop-de-loops,"As a player, I want Sonic-style loops so that fast shots ride a vertical loop and exit boosted","Entering with fwd speed >800 and total >900 starts stepLoop; exits boosted with LOOP BOOST",stepLoop ~1972,Documented,,,
G19,Gameplay,Drop holes/tubes,"As a player, I want pipes/drop-holes to teleport the ball so that I can traverse tiers and islands","Rolling into a warp/tube moves ball to exit, drops from +240, sheds speed to 0.3; DROP/TUBE",stepBall warps ~2066,Documented,,,
G20,Gameplay,Portals (teleport twins),"As a player, I want portals that warp the ball keeping speed so that I cross sealed walls","Rolling into a portal teleports to a random exit, preserves direction/speed out the far side",stepBall portals ~2070,Documented,,,
G21,Gameplay,Cannons,"As a player, I want a cannon that blasts the ball airborne so that I launch in the barrels direction","Rolling in fires ball at cn.power in barrel angle with vy 0.42 x power, KABOOM, cooldown 0.7",stepBall cannons ~2055,Documented,,,
G22,Gameplay,Bouncers (spring pads),"As a player, I want spring pads that boing the ball up so that I can hop hazards","Rolling over a bouncer sets vy=2300 straight up, BOING, cooldown 0.5",stepBall bouncers ~2059,Documented,,,
G23,Gameplay,Conveyor belts,"As a player, I want conveyors that drag the ball so that Im pushed along their direction","While rolling over the belt zone, adds force (2600) along ang each step",stepBall conveyors ~2049,Documented,,,
G24,Gameplay,Pendulum wrecking ball,"As a player, I want a swinging bob to whack the ball so that I dodge cross-lane hazards","Pendulum swings amp*sin(t*speed); when bob is low and within reach it reflects+kicks the ball 1500, CLANG",stepBall pendulums ~2050,Documented,,,
G25,Gameplay,Spinning turntables,"As a player, I want a rotating disc that whirls the ball so that it spirals off","Within radius while rolling, adds tangential force (spin*dist*9) only, no centripetal so it never traps",stepBall turntables ~2051,Documented,,,
G26,Gameplay,Sliding gates,"As a player, I want a bar that slides open/closed so that I time gaps in a barrier","Gate bar slides by cosine of phase; collides as a moving wall segment; flashes on contact",stepBall gates ~2048,Documented,,,
G27,Gameplay,Ring of fire (scoring hoop),"As a player, I want to jump through a flaming hoop so that I earn bonus points","While airborne and passing within the vertical hoop radius then +points, combo, speed boost 1.12, RING +N",stepBall firerings ~2074,Documented,,,
G28,Gameplay,Enemies/varmints,"As a player, I want patrolling/chasing critters so that I must dodge hazards","Enemies patrol/static/chase; on contact apply knockback/reset/stun; shield blocks one hit",stepBall enemies ~2077,Documented,,,
G29,Gameplay,Coins (collectibles),"As a player, I want to grab coins so that I build a coin count","Rolling over an uncollected coin marks it got, adds value, +N pop, coin sfx",stepBall coins ~2080,Documented,,,
G30,Gameplay,Power-ups,"As a player, I want beneficial pickups so that I gain temporary advantages","Roll over to apply: MAGNET 3.6s cup-pull, SHIELD blocks next hazard, SLOW-MO 4s, GEM +250, JUMP pops ball",applyPowerup ~2096,Documented,,,
G31,Gameplay,Magnet cup pull,"As a player, I want the magnet to suck the ball toward the cup so that near-green grabs sink easier","While magnetT>0 and grounded, accelerate ball toward cup at 2600/s; pulsing tractor-beam drawn",stepBall magnet ~2086,Documented,,,
G32,Gameplay,Slow-motion,"As a player, I want time to slow so that I can thread spinning hazards","While slowT>0, tick scales dt by 0.45; HUD shows SLOW-MO countdown badge",tick ~3335,Documented,,,
G33,Gameplay,Multiball pad,"As a player, I want a multiball element so that extra balls give me chances","mball builds a glowing pad; endShot keeps the closest-to-cup ball and drops the rest",endShot ~2137,Documented,,,
G34,Gameplay,Special surface themes,"As a player, I want surfaces like ice/moon/mud/rubber/speed/sand so that holes play differently","Each theme overrides physics: ice low friction, moon low-G 780, mud sticky, rubber bouncy, speed fast, sand drag",THEMES ~36,Documented,,,
G35,Gameplay,Terrain features,"As a player, I want hills, ramps, tiers and funnels so that holes have elevation and shaping","terrainFn composes platform/hill/ramp/tier/slope/funnel into a height field; normalAt drives slope rolling",terrainFn ~114,Documented,,,
G36,Gameplay,Crazy-shaped organic greens,"As a player, I want curvy non-rectangular fairways so that holes feel hand-crafted","shape/ribbon/isl build closed polygons rendered as terrain-following greens with curb walls",buildShapedGreen ~1090,Documented,,,
G37,Gameplay,Floating-island holes,"As a player, I want separate floating islands so that I traverse gaps via tubes/portals/drops","island() adds polygon platforms at their own height with deep void off-island; traversed by connectors",island DSL ~96,Documented,,,
G38,Gameplay,Scoring vs par,"As a player, I want score named against par so that I know how I did","holeSunk computes over=strokes-par then HOLE IN ONE/EAGLE/BIRDIE/PAR/BOGEY/+N banner; tallies parDone",holeSunk ~2171,Documented,,,
G39,Gameplay,Per-hole personal best,"As a player, I want my best score saved so that I can beat it later","holeSunk stores best per hole in localStorage pg_best (not testing/team); appends BEST on a new record",holeSunk best ~2175,Documented,,,
G40,Gameplay,Nine-hole sets & scorecard,"As a player, I want to play a chosen nine and see a scorecard so that I track a full round","SETS Front/Middle/Back/Wild; nextHole advances within 9; finishGame totals and shows scorecard",finishGame ~2189,Documented,,,
G41,Gameplay,Camera follow orbit zoom,"As a player, I want a camera that follows the ball and orbits/zooms so that I always see the action","placeCam follows ball toward cup, smooths camYaw, zoom 0.55-1.8, speed-based FOV; arrows/wheel/buttons orbit",placeCam ~2361,Documented,,,
G42,Gameplay,Camera reset,"As a player, I want to reset the view so that I can recenter after orbiting","vreset button sets zoom=1 and camOrbit=0",toolbar ~4119,Documented,,,
G43,Gameplay,X-ray walls,"As a player, I want walls between camera and ball to fade so that the ball is never hidden","xrayWalls makes any wall on the camera-ball line see-through (~10%); a glow locator shows through",xrayWalls ~2385,Documented,,,
G44,Gameplay,Combos shake celebrations,"As a player, I want shake, sparks and confetti so that hits and sinks feel juicy","Sinks trigger shake (22 for great), spark bursts, cup shockwave rings, confetti for birdie+",holeSunk ~2178,Documented,,,
S01,Social,Daily hole (shared one-a-day),"As a player, I want one shared hole everyone plays each day so that I compete on the same challenge","enterDaily fetches the owner-published hole for todays UTC key, falling back to a deterministic weird hole",enterDaily ~3471,Documented,,,
S02,Social,Daily number/index,"As a player, I want a sequential daily number so that I can track which days hole Im playing","dailyNumFor computes days since DAILY_EPOCH; same date maps to same hole for all via UTC todayKey",dailyNumFor ~3369,Documented,,,
S03,Social,Easy URL ?daily entry,"As a player, I want a simple link to jump straight into todays hole so that shared links open the daily","boot parses ?daily (or ?daily=N) and ?team / #g ghost hash then calls enterDaily",boot URL ~4153,Documented,,,
S04,Social,One-shot-per-day lock,"As a player, I want my first play of the day to be the one that counts so that the daily feels fair","markDailyDone stores best of day; alreadyPlayedToday flags replays as practice",markDailyDone ~3435,Documented,,,
S05,Social,Practice mode after playing,"As a player, I want to keep hitting after my counted run so that I can practice without affecting score","replaying today sets dailyPractice; PRACTICE banner, no posting, PRACTICE THIS HOLE button",dailyFinish ~3886,Documented,,,
S06,Social,Revisit shows stored result,"As a player, I want to see my result card again on return without replaying so that I can review/reshare","reviewStoredDaily rebuilds rec from stored ghost and re-shows the daily card",reviewStoredDaily ~3443,Documented,,,
S07,Social,Archive / play past holes,"As a player, I want to play holes from past days so that a skipped day isnt lost","enterPastDaily loads a prior days hole (up to ~14 days back); never posts/counts; OLDER HOLE steps back",enterPastDaily ~3487,Documented,,,
S08,Social,Ghost racing (real rival),"As a player, I want to race a real players recorded run so that the daily feels alive and competitive","afterDailyLoaded fetches 3 ghosts, picks best non-self, plays a translucent rival ball alongside me",afterDailyLoaded ~3531,Documented,,,
S09,Social,Ghost replay rendering,"As a player, I want to see the ghost ball move along its path so that I can watch how a rival played","syncGhost interpolates the ghost path at 20fps as a translucent blue sphere",syncGhost ~3393,Documented,,,
S10,Social,Head-to-head result,"As a player, I want to see if I beat the ghost I raced so that I get a clear win/tie/loss outcome","daily card shows You beat X / Dead heat / X won plus your strokes vs theirs",showDailyCard ~3687,Documented,,,
S11,Social,Challenge link w/ ghost,"As a player, I want to send a link that makes friends race my exact run so that I can challenge them","COPY CHALLENGE LINK copies link + #g=ghost&n=name&s=strokes; boot decodes into a named challenger",shareStrings ~3591,Documented,,,
S12,Social,Watch the days best run,"As a player, I want to watch how the days leader sank it so that I can learn the line","leaderGhost stored from best ghost; WATCH X RUN replays it then re-shows the card",wl button ~3880,Documented,,,
S13,Social,Watch your own replay,"As a player, I want to replay my own run so that I can relive and study my shot","WATCH REPLAY plays capReplay(rec.path) as a ghost, then re-shows the card",rep button ~3875,Documented,,,
S14,Social,Todays live leaderboard,"As a player, I want to see todays top scores so that I know where I rank","leaderboard RPC returns best run per player; card renders ranked rows with your row highlighted + scrolled",renderLB ~3726,Documented,,,
S15,Social,Post a score (name entry),"As a player, I want to post my score under my name so that I appear on the leaderboard","doPost calls submitDailyRun; auto-posts every real finish; name input lets you set/change handle and re-post",doPost ~3753,Documented,,,
S16,Social,Auto-name everyone on board,"As a player, I want to be on the leaderboard even without entering a name so that Im never excluded","firstTime anon players get auto Gunslinger### handle they can change and re-post",showDailyCard ~3713,Documented,,,
S17,Social,Anti-cheat submit_run,"As a player, I want scores validated so that the leaderboard is trustworthy","submit_run RPC validates the ghost decodes and its shot-count equals strokes; trims/rejects blank names",net.submitRun net.js:31,Documented,,,
S18,Social,Daily standing/rank,"As a player, I want to see my rank out of todays field so that I know my standing","net.standing returns rank/total; card shows Youre #R of N today or LEADING / first-to-finish",renderLB ~3728,Documented,,,
S19,Social,Course records,"As a player, I want to chase the all-time best score on a hole layout so that theres a record to break","courseRecord RPC returns best+name; card celebrates first-conquer / NEW RECORD / TIED / shows record",net.courseRecord net.js:61,Documented,,,
S20,Social,Daily play streak,"As a player, I want my consecutive-day plays tracked so that Im motivated to return daily","streakUpdate increments count when last play was yesterday, resets otherwise; stored pg_streak",streakUpdate ~3417,Documented,,,
S21,Social,Streak-on-the-line nudge,"As a player, I want a reminder my streak is at risk before I play so that I dont lose it","chooser daily card shows Your N-day streak is on the line when last play was yesterday",chooseSet ~2202,Documented,,,
S22,Social,Streak reminder on exit,"As a player, I want a reminder to keep my streak as I leave so that I come back tomorrow","finish card countdown reads Keep your N-day streak when a streak is live",paintCd ~3902,Documented,,,
S23,Social,Create a team,"As a player, I want to create a posse so that I can compete team-vs-team","createTeam RPC returns name+invite code; creator auto-joins; team stored in localStorage pg_team",net.createTeam net.js:55,Documented,,,
S24,Social,Join team by invite code,"As a player, I want to join a team with a code so that I can play for a crew","joinTeam RPC by code; JOIN button or one-tap ?team=CODE link consumed once Im named",joinPendingTeam ~3410,Documented,,,
S25,Social,One-tap team invite link,"As a player, I want to send a link that joins friends to my team so that recruiting is frictionless","Invite button copies Join my posse message with ?team=CODE appended to the daily link",cpy.onclick ~3776,Documented,,,
S26,Social,Team leaderboard/standing,"As a player, I want to see how my team ranks today so that team competition is visible","teamStanding RPC aggregates members best per day; card renders ranked teams, own team highlighted",net.teamStanding net.js:57,Documented,,,
S27,Social,Team record + team streak,"As a player, I want my teams all-time best and streak shown so that theres lasting team pride","teamRecord RPC returns best/days/streak; card shows Team record: N and K-day team streak when current",net.teamRecord net.js:59,Documented,,,
S28,Social,Champions ladder - players,"As a player, I want a persistent ladder of daily winners so that theres a long-term reason to play","champions RPC ranks players by daily wins then avg; modal lists rank/wins/dailies/avg, own row highlighted",showChampions ~4081,Documented,,,
S29,Social,Champions ladder - teams,"As a player, I want a team champions ladder so that crews compete over time","teamChampions RPC ranks teams by daily wins; TEAMS tab shows wins/days/best",net.teamChampions net.js:65,Documented,,,
S30,Social,Champions weekly vs all-time,"As a player, I want a weekly ladder so that newcomers can compete on a fresh slate","THIS WEEK (days=7) / ALL-TIME (days=null) toggle re-queries champions/teamChampions",showChampions ~4064,Documented,,,
S31,Social,Share my champions rank,"As a player, I want to brag my ladder standing so that I can pull rivals in","SHARE MY RANK appears when on the board; shares #R this week - N wins! Climb past me + daily link",shareRank ~4095,Documented,,,
S32,Social,Pass & play Team Ball,"As a player, I want to take turns hitting the same ball with friends so that we play as a team on one device","enterTeamBall rotates 2-4 players hitting one ball; turn badge shows whose turn; finish breaks down who hit what",enterTeamBall ~3927,Documented,,,
S33,Social,Pass & play Best Ball,"As a player, I want each partner to play the hole solo with the lowest score winning so that we have a 2nd mode","enterBestBall hands the same hole tee-fresh to each player; finish crowns the best and lists everyones score",enterBestBall ~3971,Documented,,,
S34,Social,Pass & play setup + toggle,"As a player, I want to pick the mode and enter player names so that I can start a local round","showTeamBallSetup overlay toggles Team Ball/Best Ball and takes comma names (2-4) before START",showTeamBallSetup ~4024,Documented,,,
S35,Social,Share pass & play result,"As a player, I want to share our local game result so that off-device friends are funneled in","finish cards SHARE RESULT uses shareLocalResult with a team-result string + ?daily link",shareLocalResult ~3939,Documented,,,
S36,Social,Native share (with GIF),"As a player, I want a one-tap OS share sheet so that I can post anywhere easily","SHARE MY SHOT (GIF) uses navigator.share, attaching the highlight GIF file when canShare supports it",nsb.onclick ~3829,Documented,,,
S37,Social,Share on X,"As a player, I want to tweet my result so that I can post to X in one click","SHARE ON X opens twitter.com/intent/tweet with the encoded result text",xb.onclick ~3843,Documented,,,
S38,Social,Copy for Discord,"As a player, I want to copy my result text so that I can paste it into Discord","COPY FOR DISCORD copies the share string to clipboard",dc.onclick ~3845,Documented,,,
S39,Social,Highlight GIF of best shot,"As a player, I want an animated GIF of my best shot so that I have a shareable clip","makeHighlightGif renders highlightSubPath (longest-arc shot) to a GIF; SAVE GIF / SHARE GIF buttons",makeHighlightGif ~3633,Documented,,,
S40,Social,Rich share text,"As a player, I want my share text to carry brags so that posts are enticing","shareStrings builds verdict, score bar, beat/tied-ghost line, streak, rank, course-record, difficulty, CTA, link",shareStrings ~3572,Documented,,,
S41,Social,Varied share CTA,"As a player, I want my challenge CTA to vary so that shared posts look organic not templated","dailyCTA picks a CTA stable per player+day from an 8-string pool via nameHash",dailyCTA ~3563,Documented,,,
S42,Social,Daily social proof (chooser),"As a player, I want to see how many played today before committing so that the daily feels alive","chooser daily card calls daySummary then N played today - best M or Be the first to play today",chooseSet ~2200,Documented,,,
S43,Social,Social-proof toast on entry,"As a player, I want an at-a-glance field summary so that the daily feels social from the start","afterDailyLoaded socialToast combines challenger/racing line + N today - best M or Be the first",afterDailyLoaded ~3541,Documented,,,
S44,Social,Shared difficulty read,"As a player, I want to know if todays hole is brutal or easy for the field so that I gauge my result","difficultyLine (>=3 players) labels Brutal/Tough/Fair/Easy from avg_over; injected into share on extremes",difficultyLine ~3566,Documented,,,
S45,Social,Day summary metrics,"As a player, I want field stats (players, best, avg over par) so that social proof/difficulty are accurate","daySummary RPC returns players,best,avg_over powering chooser proof, toasts, difficulty, share extremes",net.daySummary net.js:53,Documented,,,
S46,Social,Lifetime career stats,"As a player, I want my cumulative dailies, avg vs par, ghost-beats and aces so that I see progression","statsUpdate accumulates per-day in pg_stats; card shows N dailies - avg X vs par - beat ghost K - A aces",statsUpdate ~3427,Documented,,,
S47,Social,Owner engagement metrics,"As an owner, I want player/play counts so that I can gauge the games pulse","engagement RPC returns players_today, plays_today, players_7d, plays_7d, teams_total for Daily Studio",net.engagement net.js:67,Documented,,,
S48,Social,New-player how-to + name,"As a player from a shared link, I want a quick how-to and name prompt so that I can play and post immediately","showHowTo coachmark (once) prompts name for unnamed players before PLAY TODAYS HOLE",showHowTo ~3504,Documented,,,
U01,UI,Choose Your Nine lobby,"As a player, I want a single launch screen listing every way to play so that I can pick a run without hunting","chooseSet renders a blurred-backdrop overlay CHOOSE YOUR NINE with daily card, Pass & Play, four set cards, footer links",chooseSet ~2191,Documented,,,
U02,UI,Nine-set cards,"As a player, I want themed 9-hole runs so that I can choose a difficulty/flavor of campaign","SETS render FRONT 9, MIDDLE 9, BACK 9, WILD 9 with subtitles + PLAY; click loads set.base",SETS ~2190,Documented,,,
U03,UI,Islands/Wild free-form holes,"As a player, I want crazy multi-tier free-form greens so that the Wild run feels distinct","WILD 9 = ISLANDS9 organic ribbon/blob fairways floating over sea; crazy multi-tier free-form greens subtitle",ISLANDS9 ~640,Documented,,,
U04,UI,Archive (past holes) link,"As a player, I want to play holes I missed so that a skipped day isnt lost","Missed a day? Play past holes link calls enterPastDaily(1); past runs are practice-only",chooseSet ~2212,Documented,,,
U05,UI,Champions ladder link,"As a player, I want a path to the all-time ladder so that I can see who is winning","All-time champions link opens showChampions modal",chooseSet ~2213,Documented,,,
U06,UI,Owner Studio link,"As an owner, I want a way to reach the daily-hole editor so that I can set and edit dailies","Owner Studio link navigates to owner.html (passcode-gated)",chooseSet ~2214,Documented,,,
U07,UI,Pass & Play entry,"As friends on one device, I want a local multiplayer entry so that we can play Team Ball or Best Ball","PASS & PLAY card opens showTeamBallSetup with a Team Ball / Best Ball toggle",chooseSet ~2216,Documented,,,
U08,UI,HUD hole/par header,"As a player, I want the hole number and par on screen so that I know what Im playing","drawHUD shows HOLE n/9 - PAR p + hole name top-left, no boxes",drawHUD ~2473,Documented,,,
U09,UI,HUD stroke + best counter,"As a player, I want my current strokes and personal best visible so that I can track my run","Shows big stroke count with STROKE label and BEST n under it when a best exists",drawHUD ~2477,Documented,,,
U10,UI,To-pin yardage,"As a player, I want distance to the cup so that I can gauge power","Top-right TO PIN + n YD computed live from ball-to-cup distance",drawHUD ~2480,Documented,,,
U11,UI,Thru/total score readout,"As a player, I want my running total vs par so that I know my standing through a nine","On wide screens shows THRU k - total (+/-/E) centered at top once past hole 1",drawHUD ~2483,Documented,,,
U12,UI,Coins & points display,"As a player, I want my collected coins/points shown so that loot feels rewarding","When coins or points >0, draws coins points top-left with a pulse on pickup",drawHUD ~2485,Documented,,,
U13,UI,Power-up badges,"As a player, I want active power-ups shown so that I know magnet/slow-mo/shield are live and timers","Center badges MAGNET t.s / SLOW-MO t.s / SHIELD in distinct colors while active",drawHUD ~2487,Documented,,,
U14,UI,Bumper combo meter,"As a player, I want a live combo multiplier so that racking up bumper hits feels exciting","While rolling with combo>=2 shows pulsing COMBO xn (red at >=5) at mid-screen",drawHUD ~2493,Documented,,,
U15,UI,Power meter,"As a player, I want a charge gauge while aiming so that I can dial in shot strength","powerMeter draws a green-gold-red wedge with tick marks + POWER n% label during aim",powerMeter ~2561,Documented,,,
U16,UI,Aim trajectory guide,"As a player, I want a predicted path so that I can line up bank shots before firing","drawAim shows simulated path, green-gold-red dots, arrowhead, and a slingshot pull line",drawAim ~2541,Documented,,,
U17,UI,Hole-intro banner,"As a player, I want a flashed hole title so that each holes start feels announced","St.banner draws big centered Wantedo text that auto-fits and fades",drawHUD ~2496,Documented,,,
U18,UI,Context instruction line,"As a player, I want on-screen control hints so that I know how to aim or flip","Bottom-center PULL BACK - RELEASE TO FIRE or TAP L/R FOR FLIPPERS, auto-fit to width",drawHUD ~2498,Documented,,,
U19,UI,Shot trail + FX pops,"As a player, I want sparks, shockwaves and floating point pops so that hits feel juicy","drawHUD projects ball trail, spark particles, ground shockwave rings, 3D score pop-ups",drawHUD ~2465,Documented,,,
U20,UI,Magnet tractor beam,"As a player, I want a visible pull toward the cup so that the magnet power-up reads in-world","drawMagnetPull streams dashed pink line + pulsing ring from ball to cup while magnet active",drawMagnetPull ~2527,Documented,,,
U21,UI,Lighting LOOK picker,"As a player, I want a mood picker so that I can restyle the whole game look instantly","FX button bottom-right opens showLookPicker frosted modal listing Auto + 14 looks; pick applies + persists",showLookPicker ~4396,Documented,,,
U22,UI,Daylight look,"As a player, I want a bright noon look so that I get a clean default daytime style","daytime mood: blazing key, low ambient, hard dark shadows, light split-tone, low grain",MOODS.daytime ~683,Documented,,,
U23,UI,Sunset look,"As a player, I want a golden-hour look so that the scene feels warm and dramatic","sunset mood: warm-gold key + hard shadows, cool-blue fill, warm hemi gradient, reflective ball, bokeh overlay",MOODS.sunset ~684,Documented,,,
U24,UI,Moody Night look,"As a player, I want a dark night look so that holes feel atmospheric","night mood: low exposure, blue key, deep blue gradient-map shadows, ball-tracking spotlight, heavy vignette",MOODS.night ~685,Documented,,,
U25,UI,Film Noir look,"As a player, I want black-and-white high-contrast so that I get a classic noir feel","noir mood: sat 0 (B&W), very high contrast, hard white key, grain, strong vignette; HUD desaturates too",MOODS.noir ~686,Documented,,,
U26,UI,Dusty Faded look,"As a player, I want a sun-baked washed look so that it feels like aged western footage","faded mood: warm sepia gradient-map, hazy amber fog, airborne dust motes, heavy grain, soft shadows",MOODS.faded ~687,Documented,,,
U27,UI,Red Glow look,"As a player, I want a hellish red wash so that I get an intense danger mood","redglow mood: red-orange key, dark red ambient, red gradient-map ramp, strong CA + vignette",MOODS.redglow ~688,Documented,,,
U28,UI,Sin City look,"As a player, I want near-mono ultra-contrast so that I get a stylized graphic-novel look","sincity mood: sat 0.07, extreme contrast, white key, heavy grain + vignette",MOODS.sincity ~689,Documented,,,
U29,UI,Prismatic look,"As a player, I want orbiting colored lights so that the table glows with mixing neon pools","prismatic mood: dark base + real orbiting point lights casting magenta/cyan/amber pools, heavy CA",MOODS.prismatic ~691,Documented,,,
U30,UI,Vaporwave look,"As a player, I want oversaturated purple/pink neon so that I get a retro VHS aesthetic","vaporwave mood: black-purple-pink gradient-map, pink/purple orbiting lights, scanlines, CA, VHS particle overlay",MOODS.vaporwave ~690,Documented,,,
U31,UI,Cartoon look,"As a player, I want flat cel paint with ink lines so that the world looks hand-drawn (xerox Disney)","cartoon mood: 2-band MeshToon flat colors + black outline edges + grain/scratch, warm sepia",MOODS.cartoon ~692,Documented,,,
U32,UI,Cel Shaded look,"As a player, I want smooth anime cel shading so that colors stay rich and toon-banded","cel mood: 4-band MeshToon flat colors, richer saturation, low exposure, more CA",MOODS.cel ~693,Documented,,,
U33,UI,Tron look,"As a player, I want glowing neon edges so that the world reads as real luminous geometry","tron mood: near-black surfaces + glowing cyan EdgesGeometry feature lines (bloom), cyan rim, high contrast",MOODS.tron ~694,Documented,,,
U34,UI,Line Art look,"As a player, I want an ink-on-paper look so that the scene reads as a hand-inked drawing","line mood: muted paper-grey basic material + Sobel feature edges + silhouette outline, sat 0",MOODS.line ~695,Documented,,,
U35,UI,Wireframe look,"As a player, I want a wireframe render so that I see the structure as glowing edges","wireframe mood: surfaces hidden, cyan EdgesGeometry LineSegments, black fog",MOODS.wireframe ~696,Documented,,,
U36,UI,Auto look,"As a player, I want a per-hole default mood so that themed holes keep their intended style","Auto resolves to the holes own mood or falls back to sunset; resolveMood reads pg_mood/hole.mood",resolveMood ~701,Documented,,,
U37,UI,Bloom + film composite,"As a player, I want lights to glow with a cinematic grade so that the game looks AAA","initPost pipeline: bright-pass gaussian bloom + CA, grain, vignette, tilt-shift DOF, halation, split-tone grade",initPost ~1143,Documented,,,
U38,UI,Chromatic aberration,"As a player, I want lens color-fringing so that looks feel filmic/glitchy per mood","Post shader offsets RGB by uCA scaled by radius^2; per-mood ca value (heavy in prismatic/vaporwave)",initPost ~1165,Documented,,,
U39,UI,Vignette + grain,"As a player, I want edge darkening and film grain so that frames feel like real footage","Shader applies uVig radial darkening + luminance-weighted uGrain per mood",initPost ~1206,Documented,,,
U40,UI,1-LSB debanding dither,"As a player, I want smooth gradients so that flat-fill looks dont show 8-bit banding","Always-on per-pixel hash dither of +/-1/255 even when grain=0 (cartoon/cel/line)",initPost ~1208,Documented,,,
U41,UI,SSAO grounding,"As a player, I want contact shadows in crevices so that geometry feels grounded and real","Half-res depth SSAO buffer multiplies color before bloom by uAOAmt (occluded crevices darkened)",initPost ~1176,Documented,,,
U42,UI,Tilt-shift DOF,"As a player, I want edges softly blurred so that the table reads like a miniature","Shader uDof/uFocus blurs by screen band + radius (depth-of-field/halation)",initPost ~1166,Documented,,,
U43,UI,Footage FX overlays,"As a player, I want real bokeh/dust/film plates so that moods get authentic compositing","setFxOverlay screen-blends per-mood mp4 (bokeh/dust/film/VHS) via #fxOverlay; only some moods get a plate",setFxOverlay ~740,Documented,,,
U44,UI,Ball-tracking spotlight,"As a player, I want a theatrical spotlight following the ball so that the action feels dramatic","R3.spot sways + pulses, tracks ball position per frame; intensity/color/cone per mood (off for flat looks)",renderGL ~1287,Documented,,,
U45,UI,Real colored orbiting lights,"As a player, I want neon looks from actual lights so that surfaces glow rather than a flat filter","R3.prism point lights orbit the table at varied heights + pulse, additively lighting geometry",renderGL ~1289,Documented,,,
U46,UI,Camera dock,"As a player, I want orbit/zoom/reset controls so that I can frame the shot how I like","Right-edge #cam buttons rotate left/right, zoom in/out, reset view; wheel also zooms",boot ~4118,Documented,,,
U47,UI,Sound dock + audio panel,"As a player, I want mute and volume control so that I can tune master/music/sfx","#snd SND/OFF button toggles a panel with Master/Music/SFX sliders, ON/OFF + Track buttons; persisted",audioUI ~3338,Documented,,,
U48,UI,Daily result card,"As a player, I want a rich finish card so that I see my score, verdict, ghost duel, record and can share","showDailyCard: strokes/verdict bar, head-to-head, difficulty, course record, leaderboard, teams, share, GIF, replay, countdown",showDailyCard ~3669,Documented,,,
U49,UI,Scorecard modal,"As a player, I want a hole-by-hole card after a nine so that I see par/you/best and total","showScorecard: blurred modal, HOLE/PAR/YOU/BEST rows + TOTAL vs par, CHANGE NINE / LEVEL SELECT buttons",showScorecard ~2233,Documented,,,
U50,UI,Champions modal,"As a player, I want a persistent ladder with tabs so that I can compare players/teams by week or all-time","showChampions: PLAYERS/TEAMS + THIS WEEK/ALL-TIME toggles, ranked rows, own row highlighted, SHARE MY RANK",showChampions ~4052,Documented,,,
U51,UI,How-to / name onboarding,"As a new player, I want a quick how-to and name prompt so that I understand the slingshot and join the board","showHowTo: first-time/unnamed modal with name input + slingshot tip + PLAY button; once per device",showHowTo ~3504,Documented,,,
U52,UI,Team Ball / Best Ball finish cards,"As friends, I want a team result card so that we see who hit what and can share","teamBallFinish/bestBallFinish show breakdown + winner, SHARE RESULT, NEXT HOLE/NEW TEAM/BACK; turn badge during play",teamBallFinish ~3940,Documented,,,
U53,UI,No-chrome visual rule,"As a player, I want clean text-on-world UI so that nothing looks boxed, outlined or cluttered","All overlays use blurred backdrops, white/marigold text, no strokes/shadows/boxes, no emoji labels",game.html:33,Documented,,,
U54,UI,Loading splash,"As a player, I want a branded loading screen so that startup feels intentional","#load shows GUNSLINGERS / PINBALL GOLF title + spinner over dark bg, fades out when ready",game.html:57,Documented,,,
U55,UI,Installable PWA,"As a player, I want to install the game to my home screen so that it runs full-screen and offline","manifest.json (standalone, portrait, icons), apple-touch-icon, network-first service worker caches the shell",manifest.json/sw.js,Documented,,,
U56,UI,Social-unfurl link previews,"As a player, I want rich link previews so that shared daily links look enticing","og/twitter meta give title, posse/ladder description, og-daily.jpg 1200x630 summary_large_image",game.html:11,Documented,,,
O01,Owner,Owner passcode gate,"As an owner, I want to unlock owner.html with a passcode so that only I can set the daily","Gate takes a password; unlock() probes a gated saveBank+deleteBank to verify; wrong shows Wrong passcode, success calls enter()",owner.html unlock(),Documented,,,
O02,Owner,Owner session persistence,"As an owner, I want the studio to remember my passcode for the session so that I dont re-enter it","enter() saves passcode to sessionStorage + localStorage pg_ownerMode=1; auto-unlock IIFE re-enters if present",owner.html enter() ~292,Documented,,,
O03,Owner,Set/jump to daily date,"As an owner, I want to pick any UTC date so that I can publish or inspect a daily ahead of time","Date input defaults to today; Tomorrow advances one UTC day; onchange triggers refreshDayStatus()",owner.html setTomorrow(),Documented,,,
O04,Owner,Day-status / auto-hole preview,"As an owner, I want to see what plays on a chosen date so that I know whether to override","refreshDayStatus fetches published daily; if none shows the date-seeded auto hole; if published shows title + Unpublish",owner.html refreshDayStatus(),Documented,,,
O05,Owner,Generate 3 wacky candidates,"As an owner, I want 3 brand-new procedural holes per click so that the daily is never repeated","propose() loads hidden game.html?gen=1 iframe, calls PG.__proposeWacky(3); renders name/par + Preview/Publish/Bank per hole; Reroll",owner.html propose(),Documented,,,
O06,Owner,Procedural hole generator,"As an owner, I want each generated hole to be a weird structure-packed shape so that dailies feel fresh","genWacky(seed) builds a 4-7 waypoint winding centerline, width-fn, pinch-aware obstacle plan via isl(); random name/par/mood",genWacky ~4207,Documented,,,
O07,Owner,Preview a candidate hole,"As an owner, I want to play-test a candidate before publishing so that I know its good","previewJson stashes hole JSON to localStorage pg_preview and opens game.html?preview=1 which loads it live",previewJson(),Documented,,,
O08,Owner,Auto-test beatability,"As an owner, I want a candidate verified beatable so that I never publish an impossible hole","doPublishJson runs PG.__testHole(json,10) headless bot; if beatable publishes, else confirms publish anyway",PG.__testHole ~4324,Documented,,,
O09,Owner,Publish a hole as the daily,"As an owner, I want to set a dates daily so that all players get my chosen hole","doPublishJson calls publishDaily(pass,day,title,null,holeJson) writing hole_json to daily table; refreshes status",net.publishDaily,Documented,,,
O10,Owner,Bank a hole for later,"As an owner, I want to save a candidate without publishing so that I can schedule it later","doBankJson calls saveBank(pass,title,idx,json,forDay); banked rows render in Bank panel",net.saveBank,Documented,,,
O11,Owner,Bank list manage,"As an owner, I want to manage banked holes so that I can reuse or remove them","loadBank fetches bank rows (filters __probe__); each offers Preview, Publish, Delete",owner.html loadBank(),Documented,,,
O12,Owner,Auto-fill next 7 days,"As an owner, I want to publish a fresh hole for each of the next N days in one click so that a week is set fast","autoFill(7) generates N holes, tests each beatable (up to 3x), publishDaily for each consecutive UTC date; confirms overwrite",owner.html autoFill(),Documented,,,
O13,Owner,Unpublish a daily,"As an owner, I want to remove a published daily so that the date reverts to the auto hole","refreshDayStatus shows Unpublish calling unpublishDaily(pass, day)",net.unpublishDaily,Documented,,,
O14,Owner,Schedule list,"As an owner, I want to see all published dailies so that I know which dates are filled","loadSched fetches the daily table and lists day + title rows",owner.html loadSched(),Documented,,,
O15,Owner,Engagement panel,"As an owner, I want live engagement stats so that I know if the daily is alive","loadEngagement shows players/plays today + 7d, teams total, live/asleep line + top-3 teams this week",owner.html loadEngagement(),Documented,,,
O16,Owner,Avoid recently-used indices,"As an owner, I want candidates to avoid recently published holes so that rotation stays varied","loadRecent fetches the schedule into recentIdx before the first propose",owner.html loadRecent(),Documented,,,
O17,Owner,In-game owner mode gate,"As an owner, I want hidden admin/editor tools only on my device so that players get a clean game","Boot reads ?owner=1/?edit to set pg_ownerMode; ?owner=0 clears; EDIT LEVEL + OWNER menu render only when ownerMode",boot ~4126,Documented,,,
O18,Owner,EDIT LEVEL button (in-game),"As an owner, I want to jump into the editor on the current hole so that I can tweak it in place","EDIT LEVEL: draft->edEnter; built-in->editBuiltin(hi); custom->editCustom; else edEnter",EDIT LEVEL ~4132,Documented,,,
O19,Owner,OWNER menu (in-game),"As an owner, I want a quick menu of admin actions so that everything is reachable","OWNER button toggles menu: Generate daily, Daily Studio, Level Editor, Jump to hole, Reset daily, Hard reload, build label",ownRow ~4140,Documented,,,
O20,Owner,In-game Generator Studio,"As an owner, I want to generate/preview/edit/publish 3 holes without leaving the game so that I set the daily fast","genStudio overlay shows 3 genWacky holes with Preview, Edit, Publish-as-today, Regenerate (auto-tests then publishDaily)",genStudio ~4276,Documented,,,
O21,Owner,Jump to any hole (0-35),"As an owner, I want to load any hole by number so that I can inspect/test any level","OWNER menu prompt loads hole N (0-35) clearing daily/archive via loadHole(n)",ownRow ~4146,Documented,,,
O22,Owner,Reset daily / hard reload,"As an owner, I want to replay or force-refresh so that I can re-test the daily","Reset clears pg_daily_done and reloads; Hard reload replaces with a cache-busting query",ownRow ~4147,Documented,,,
O23,Owner,Edit a built-in hole,"As an owner, I want to open any built-in hole in the editor so that I can modify the shipped layout","editBuiltin(i) loads any override or original HOLES[i](), normalizes theme/phys/turf, marks _ov=i, opens editor",editBuiltin ~2287,Documented,,,
O24,Owner,Save edits over a built-in,"As an owner, I want built-in edits to play every time so that changes are permanent on that device","edSave Save into Level #N calls saveOver(oi, edSerialize) to pg_over; builtinHole loads it; Revert clears it",saveOver ~2257,Documented,,,
O25,Owner,Edit-via-URL (?edit=N/?preview),"As an owner, I want to deep-link into editing/previewing a hole so that the Studio can hand off","?edit=N loads hole N then editBuiltin; ?preview loads pg_preview JSON live",boot ~4158,Documented,,,
O26,Owner,Level editor canvas + brushes,"As an owner, I want a 2D top-down editor so that I can place and arrange everything","edEnter/edInit build top bar, left palette (31 tools), right inspector, modal; ghost cursor + crosshair",edEnter ~2625,Documented,,,
O27,Owner,Tee placement,"As an owner, I want to set where the ball starts so that the hole begins where I choose","tee brush places/moves the tee; drag on map; cannot be deleted",ED_TOOLS tee,Documented,,,
O28,Owner,Cup placement,"As an owner, I want to set the hole so that players know where to sink","cup brush places/moves the cup; size set via Physics cup size; cannot be deleted",ED_TOOLS cup,Documented,,,
O29,Owner,Wall tool (2-click + path edit),"As an owner, I want to draw walls so that I can shape barriers and corridors","wall brush clicks two points; Shift snaps 45deg; Select grabs a wall-group with rounding/simplify/bounce/height",wallgroup ~3059,Documented,,,
O30,Owner,Draw level shape (organic green),"As an owner, I want to draw a freeform outline so that the green follows a wacky shape","draw brush: closed loop sets d.shape polygon + curb walls; open line makes a channel of brush width",edFinishDraw ~2848,Documented,,,
O31,Owner,Shape tool (click corners),"As an owner, I want to click polygon corners so that I can make a precise custom green outline","shape brush drops corners; clicking the first ring closes -> sets d.shape + curve curb walls",edClosePoly ~2819,Documented,,,
O32,Owner,Island tool,"As an owner, I want to draw floating islands so that I can build multi-island holes","island brush drag-draws a loop; edFinishIsland smooths (chaikin), calls d.island(poly) + curb + noBox; bounds expand",edFinishIsland ~2865,Documented,,,
O33,Owner,Preset hole shapes,"As an owner, I want one-click course shapes so that I can start from a useful layout","Shapes modal applies S-Curve, Z-Bend, W-Zigzag, Round Arena, Two/Three-Tier Drop; undoable",applyShape ~3195,Documented,,,
O34,Owner,Bumper placement,"As an owner, I want kick pads so that the ball pings around pinball-style","bumper brush; sliders radius + bounce power",ED_PARAMS.bumper,Documented,,,
O35,Owner,Booster placement,"As an owner, I want a fixed-direction fling so that I can launch the ball into a loop/jump","booster brush; sliders angle, speed, radius",ED_PARAMS.booster,Documented,,,
O36,Owner,Flipper L/R placement,"As an owner, I want pinball flippers so that players can flip the ball","flipL/flipR brushes; sliders length, rotation, paddle speed, flip power",ED_TOOLS flipL/R,Documented,,,
O37,Owner,Windmill placement,"As an owner, I want spinning blades so that timing matters","windmill brush; sliders radius, blades (2-8), spin",ED_PARAMS.windmill,Documented,,,
O38,Owner,Loop-de-loop placement,"As an owner, I want a vertical loop so that the ball rides up and over","loop brush; sliders radius, angle",ED_PARAMS.loop,Documented,,,
O39,Owner,Drop hole/tube placement,"As an owner, I want a drop hole / slide tube so that I can build two-level holes","warp brush; radius slider; warpExit draggable to a lower tier; tube flag persisted (slide)",ED_PARAMS.warp,Documented,,,
O40,Owner,Portal placement (multi-exit),"As an owner, I want a teleport with random exits so that shots get unpredictable","portal brush; radius; add/remove exit; 2+ exits -> random one; each exit draggable",portal panel ~3083,Documented,,,
O41,Owner,Fire hoop placement,"As an owner, I want an airborne flaming ring so that players score by jumping through","firering brush; sliders radius, height off ground, points",ED_PARAMS.firering,Documented,,,
O42,Owner,Enemy placement,"As an owner, I want hazard creatures so that levels have moving threats","enemy brush; type (spiky/blob/ghost), behavior (patrol/chase/static), on-hit (knockback/reset/stun) + size/speed",ED_PARAMS.enemy,Documented,,,
O43,Owner,Coin placement,"As an owner, I want collectible coins so that I can lay scoring trails","coin brush; value slider (1-20)",ED_PARAMS.coin,Documented,,,
O44,Owner,Power-up placement,"As an owner, I want pickups so that players get magnet/shield/slow/gem/jump effects","powerup brush; kind select (magnet/shield/slow/gem/jump)",ED_PARAMS.powerup,Documented,,,
O45,Owner,Laser gate placement,"As an owner, I want a timed beam so that players must time their run","laser brush (2 clicks); sliders period, on-frac, phase",ED_PARAMS.laser,Documented,,,
O46,Owner,Sliding gate placement,"As an owner, I want a bar that opens/closes a gap so that timing passages exist","gate brush (2 clicks); sliders bar size, slide speed, height",ED_PARAMS.gate,Documented,,,
O47,Owner,Conveyor placement,"As an owner, I want a drag current so that the ball is swept off-line","conveyor brush; sliders width, length, direction, strength",ED_PARAMS.conveyor,Documented,,,
O48,Owner,Pendulum placement,"As an owner, I want a swinging wrecking ball so that the lane has a moving hazard","pendulum brush; sliders arm length, swing amp, speed, ball size",ED_PARAMS.pendulum,Documented,,,
O49,Owner,Turntable placement,"As an owner, I want a spinning disc so that shots curve/randomize","turntable brush; sliders radius, spin (signed direction)",ED_PARAMS.turntable,Documented,,,
O50,Owner,Terrain features (hill/funnel/ramp/tier),"As an owner, I want elevation features so that the green has slopes, bowls, jumps, multi-levels","hill (radius/height), funnel (radius/depth), ramp (start-z/end-z/height), tier (step height, neg=lower)",ED_PARAMS hill/etc,Documented,,,
O51,Owner,Paint terrain up/down,"As an owner, I want to brush-raise/lower the ground so that I can sculpt freeform elevation","raise/lower brushes paint terrain with brush-size radius; drag to apply; undoable",ED_TOOLS raise/lower,Documented,,,
O52,Owner,Select/move/duplicate/delete,"As an owner, I want to grab placed items so that I can reposition, copy or remove them","select brush; drag to move; Duplicate (Ctrl+D); Delete (Del/right-click); tee/cup protected",edDelete ~2878,Documented,,,
O53,Owner,Smooth/round/simplify path,"As an owner, I want to clean up hand-drawn walls so that curves are smooth or corners sharp","Smooth (chaikin) re-traces wall chains; wall-group rounding (chaikin) + simplify (Douglas-Peucker) sliders",smoothWalls ~3164,Documented,,,
O54,Owner,Grid snap + brush size,"As an owner, I want snapping and brush sizing so that placement is precise","grid-snap ON/OFF; brush-size slider (40-520) controls draw/erase/raise/lower/island radius",edInit ~3021,Documented,,,
O55,Owner,Level/bounds/par/name inspector,"As an owner, I want to set name, par, width, length, wall height, slope tilt so that the frame is configured","Inspector LEVEL: name, par, width/length/wall-height, tilt L-R / tee-cup sliders, box-vs-custom toggle",edPanel LEVEL ~3092,Documented,,,
O56,Owner,Theme + physics tuning,"As an owner, I want to pick a terrain theme and tune physics so that the hole plays how I want","Theme select (sets physics+turf+sky/fog); sliders gravity, friction, ground/wall bounce, bumper kick, flip power, max drive, cup size",edPanel PHYSICS ~3107,Documented,,,
O57,Owner,Cinematic mood assignment,"As an owner, I want to assign a lighting look so that the hole has a distinct mood","d.mood persists in serialize/deserialize; generated holes get a random mood; FX picker chooses among ~15 looks",mood serialize ~3215,Documented,,,
O58,Owner,3D preview toggle in editor,"As an owner, I want to see the level in 3D while editing so that I can judge the real look","3D button toggles edEnter3D/edExit3D; builds live scene, camera orbit; edLiveRefresh batches rebuilds",edEnter3D ~2593,Documented,,,
O59,Owner,Test/play the draft,"As an owner, I want to play my draft instantly so that I can verify it before saving","TEST button (edPlay) loads the draft as a live playable hole with a TEST banner",edPlay ~2879,Documented,,,
O60,Owner,New / Clear level,"As an owner, I want to start blank or wipe items so that I can restart cleanly","New resets to newDraft (confirm); Clear wipes placed items keeping shape/tee/cup/theme",edClearAll ~2638,Documented,,,
O61,Owner,Save to MY LEVELS,"As an owner, I want to save custom levels locally so that I can replay/manage them","edSave/edLevels store edSerialize to pg_levels; MY LEVELS modal lists, loads, renames, deletes; item counts",edLevels ~3135,Documented,,,
O62,Owner,Publish edited layout as daily,"As an owner, I want to publish my hand-edited hole as the live daily so that custom edits reach everyone","edSave OWNER block (ownerMode+NET): date + passcode, auto-tests beatability, then publishDaily(custom json) or saveBank",edSave owner ~3256,Documented,,,
O63,Owner,Export / import level JSON,"As an owner, I want to export/import level JSON so that I can back up or share layouts","edExport copies/downloads edSerialize JSON; edImport pastes or file-loads JSON -> edDeserialize",edExport ~3297,Documented,,,
O64,Owner,Serialize/deserialize round-trip,"As an owner, I want every element persisted so that nothing is lost on save/reload","edSerialize/edDeserialize round-trip name/par/bounds/tee/cup/walls/all obstacles/terrain/shape/islands/theme/phys/turf/mood/multiball",edSerialize ~3215,Documented,,,
O65,Owner,Builder notes log,"As an owner, I want to jot whats wrong so that the developer can fix it","Notes modal saves dated notes (with build) to pg_notes and lists past notes",edNotes ~2985,Documented,,,
O66,Owner,Headless beatability bot,"As an owner, I want automated play-testing so that published holes are verified solvable","testDraftBeatable/PG.__testHole/PG.__beatN run an aiming bot up to N tries returning beatable+strokes; restores state",testDraftBeatable ~3219,Documented,,,
O67,Owner,Backend RPC surface (gated),"As an owner, I want passcode-gated backend calls so that only I can mutate dailies/bank","PGNet wraps publish_daily, unpublish_daily, save_bank, delete_bank (all take p_pass) + read-only fetchBank/fetchSchedule/engagement",net.js ~46,Documented,,,
